	{

		"metadata": {
			"formatVersion" : 3.1,
			"generatedBy"   : "Blender 2.7 Exporter",
			"vertices"      : 160,
			"faces"         : 188,
			"normals"       : 160,
			"colors"        : 0,
			"uvs"           : [],
			"materials"     : 1,
			"morphTargets"  : 0,
			"bones"         : 0
		},

			"scale" : 1.000000,
			
			"vertices" : [-0.0352443,0.189,-0.837977,-0.0352443,0.394382,-0.773054,0.159846,0.189,-0.818763,0.14718,0.394382,-0.755086,0.347439,0.189,-0.761857,0.322594,0.394382,-0.701875,0.520326,0.189,-0.669447,0.484256,0.394382,-0.615465,0.671862,0.189,-0.545084,0.625954,0.394382,-0.499176,0.796225,0.189,-0.393548,0.742243,0.394382,-0.357478,0.888635,0.189,-0.220661,0.828654,0.394382,-0.195816,0.945541,0.189,-0.0330677,0.881865,0.394382,-0.0204018,0.964756,0.189,0.162023,0.899832,0.394382,0.162023,0.945541,0.189,0.357113,0.881865,0.394382,0.344447,0.888635,0.189,0.544706,0.828654,0.394382,0.519861,0.796225,0.189,0.717593,0.742243,0.394382,0.681523,0.671862,0.189001,0.869129,0.625954,0.394382,0.823221,0.520326,0.189001,0.993492,0.484256,0.394382,0.93951,0.347439,0.189001,1.0859,0.322594,0.394382,1.02592,0.159846,0.189001,1.14281,0.14718,0.394382,1.07913,-0.0352446,0.189001,1.16202,-0.0352446,0.394382,1.0971,-0.230335,0.189001,1.14281,-0.217669,0.394382,1.07913,-0.417928,0.189001,1.0859,-0.393083,0.394382,1.02592,-0.590815,0.189001,0.993492,-0.554745,0.394382,0.93951,-0.742352,0.189001,0.869129,-0.696443,0.394382,0.823221,-0.866714,0.189,0.717592,-0.812732,0.394382,0.681523,-0.959124,0.189,0.544705,-0.899142,0.394382,0.51986,-1.01603,0.189,0.357112,-0.952353,0.394382,0.344446,-1.03524,0.189,0.162022,-0.970321,0.394382,0.162022,-1.01603,0.189,-0.0330687,-0.952353,0.394382,-0.0204027,-0.959123,0.189,-0.220662,-0.899142,0.394382,-0.195817,-0.866713,0.189,-0.393549,-0.812731,0.394382,-0.357479,-0.74235,0.189,-0.545085,-0.696442,0.394382,-0.499177,-0.590813,0.189,-0.669448,-0.554744,0.394382,-0.615466,-0.417926,0.189,-0.761858,-0.393081,0.394382,-0.701876,-0.230333,0.189,-0.818763,-0.217667,0.394382,-0.755087,-0.0352443,0.318769,-0.837977,0.159846,0.318769,-0.818763,0.347439,0.318769,-0.761857,0.520326,0.318769,-0.669447,0.671862,0.318769,-0.545084,0.796225,0.318769,-0.393548,0.888635,0.318769,-0.220661,0.945541,0.318769,-0.0330677,0.964756,0.318769,0.162023,0.945541,0.318769,0.357113,0.888635,0.318769,0.544706,0.796225,0.318769,0.717593,0.671862,0.318769,0.869129,0.520326,0.318769,0.993492,0.347439,0.318769,1.0859,0.159846,0.318769,1.14281,-0.0352446,0.318769,1.16202,-0.230335,0.318769,1.14281,-0.417928,0.318769,1.0859,-0.590815,0.318769,0.993492,-0.742352,0.318769,0.869129,-0.866714,0.318769,0.717592,-0.959124,0.318769,0.544705,-1.01603,0.318769,0.357112,-1.03524,0.318769,0.162022,-1.01603,0.318769,-0.0330687,-0.959123,0.318769,-0.220662,-0.866713,0.318769,-0.393549,-0.74235,0.318769,-0.545085,-0.590813,0.318769,-0.669448,-0.417926,0.318769,-0.761858,-0.230333,0.318769,-0.818763,0.159846,0.253885,-0.818763,0.347439,0.253885,-0.761857,0.520326,0.253885,-0.669447,0.671862,0.253885,-0.545084,0.796225,0.253885,-0.393548,0.888635,0.253885,-0.220661,0.945541,0.253885,-0.0330677,0.964756,0.253885,0.162023,0.945541,0.253885,0.357113,0.888635,0.253885,0.544706,0.796225,0.253885,0.717593,0.671862,0.253885,0.869129,0.520326,0.253885,0.993492,0.347439,0.253885,1.0859,0.159846,0.253885,1.14281,-0.0352446,0.253885,1.16202,-0.230335,0.253885,1.14281,-0.417928,0.253885,1.0859,-0.590815,0.253885,0.993492,-0.742352,0.253885,0.869129,-0.866714,0.253885,0.717592,-0.959124,0.253885,0.544705,-1.01603,0.253885,0.357112,-1.03524,0.253885,0.162022,-1.01603,0.253885,-0.0330687,-0.959123,0.253885,-0.220662,-0.866713,0.253885,-0.393549,-0.74235,0.253885,-0.545085,-0.590813,0.253885,-0.669448,-0.417926,0.253885,-0.761858,-0.230333,0.253885,-0.818763,-0.0352443,0.253885,-0.837977,-0.0352443,0.372921,-0.798376,0.15212,0.372921,-0.779922,0.332284,0.372921,-0.72527,0.498324,0.372921,-0.636519,0.64386,0.372921,-0.517081,0.763298,0.372921,-0.371546,0.852048,0.372921,-0.205506,0.9067,0.372921,-0.0253418,0.925154,0.372921,0.162023,0.9067,0.372921,0.349387,0.852048,0.372921,0.529551,0.763298,0.372921,0.695591,0.64386,0.372921,0.841127,0.498324,0.372921,0.960564,0.332284,0.372921,1.04931,0.15212,0.372921,1.10397,-0.0352446,0.372921,1.12242,-0.222609,0.372921,1.10397,-0.402773,0.372921,1.04931,-0.568813,0.372921,0.960564,-0.714349,0.372921,0.841126,-0.833787,0.372921,0.695591,-0.922537,0.372921,0.52955,-0.977189,0.372921,0.349386,-0.995642,0.372921,0.162022,-0.977188,0.372921,-0.0253428,-0.922536,0.372921,-0.205507,-0.833785,0.372921,-0.371547,-0.714347,0.372921,-0.517082,-0.568812,0.372921,-0.63652,-0.402771,0.372921,-0.72527,-0.222607,0.372921,-0.779922],