	{

		"metadata": {
			"formatVersion" : 3.1,
			"generatedBy"   : "Blender 2.7 Exporter",
			"vertices"      : 16,
			"faces"         : 14,
			"normals"       : 16,
			"colors"        : 0,
			"uvs"           : [],
			"materials"     : 1,
			"morphTargets"  : 0,
			"bones"         : 0
		},

			"scale" : 1.000000,
			
			"vertices" : [-4.93318,0.238309,7.72475,-4.97255,0.238308,-7.92595,6.98281,0.238308,-7.96533,7.02219,0.238309,7.68537,-4.90673,0.304752,7.69724,-4.94504,0.304751,-7.8995,6.95636,0.304751,-7.93782,6.99468,0.304752,7.65893,6.95647,0.345856,7.62219,6.91963,0.345855,-7.89961,-4.90684,0.345855,-7.86277,-4.87,0.345856,7.65903,-4.93318,0.0916491,7.72475,-4.97255,0.0916485,-7.92595,6.98281,0.0916485,-7.96533,7.02219,0.0916491,7.68537],
			"faces"    : [35,1,0,4,5,0,0,1,2,3,35,5,6,2,1,0,3,4,5,0,35,6,7,3,2,0,4,6,7,5,35,0,3,7,4,0,1,7,6,2,35,8,9,10,11,0,8,9,10,11,35,6,9,8,7,0,4,9,8,6,35,5,10,9,6,0,3,10,9,4,35,4,11,10,5,0,2,11,10,3,35,7,8,11,4,0,6,8,11,2,35,12,13,14,15,0,12,13,14,15,35,12,0,1,13,0,12,1,0,13,35,2,14,13,1,0,5,14,13,0,35,3,15,14,2,0,7,15,14,5,35,0,12,15,3,0,1,12,15,7],
			"uvs"      : [],
			"normals"  : [-0.691153,0.232612,-0.684194,-0.684164,0.232765,0.691153,-0.555315,0.615131,0.559618,-0.55974,0.614887,-0.555467,0.555315,0.615131,-0.559618,0.684164,0.232734,-0.691153,0.55974,0.614887,0.555467,0.691153,0.232612,0.684194,0.317515,0.892911,0.319102,0.31901,0.892972,-0.317423,-0.317515,0.892911,-0.319102,-0.31901,0.892972,0.317423,-0.575671,-0.577288,0.579028,-0.578997,-0.57738,-0.57564,0.575671,-0.577288,-0.579028,0.578997,-0.57738,0.57564],
			
			"skinIndices"  : [],
			"skinWeights"  : [],
			"morphTargets" : [],
			
			"bones"      : [],
			"animations" : [],
			
			"colors"    : [],
			"materials" : [
				{
					"DbgColor": 15658734,
					"DbgIndex": 0,
					"DbgName": "Material",
					"blending": "NormalBlending",
					"colorAmbient": [0.6400000190734865, 0.6400000190734865, 0.6400000190734865],
					"colorDiffuse": [0.6400000190734865, 0.6400000190734865, 0.6400000190734865],
					"colorEmissive": [0.0, 0.0, 0.0],
					"colorSpecular": [0.5, 0.5, 0.5],
					"depthTest": true,
					"depthWrite": true,
					"shading": "Lambert",
					"specularCoef": 50,
					"transparency": 1.0,
					"transparent": false,
					"vertexColors": false
				}
			]


	}
