	{

		"metadata": {
			"formatVersion" : 3.1,
			"generatedBy"   : "Blender 2.7 Exporter",
			"vertices"      : 160,
			"faces"         : 188,
			"normals"       : 160,
			"colors"        : 0,
			"uvs"           : [],
			"materials"     : 1,
			"morphTargets"  : 0,
			"bones"         : 0
		},

			"scale" : 1.000000,
			
			"vertices" : [7.17382e-09,0.271269,-0.944182,0,0.309777,-1,0.184201,0.271269,-0.92604,0.19509,0.309777,-0.980785,0.361323,0.271269,-0.872311,0.382683,0.309777,-0.92388,0.52456,0.271269,-0.785059,0.55557,0.309777,-0.83147,0.667638,0.271269,-0.667638,0.707107,0.309777,-0.707107,0.785059,0.271269,-0.52456,0.83147,0.309777,-0.55557,0.872311,0.271269,-0.361323,0.92388,0.309777,-0.382683,0.92604,0.271269,-0.184201,0.980785,0.309777,-0.19509,0.944182,0.271269,-9.88925e-08,1,0.309777,-8.90387e-08,0.92604,0.271269,0.184201,0.980785,0.309777,0.19509,0.872311,0.271269,0.361323,0.92388,0.309777,0.382683,0.785059,0.271269,0.52456,0.83147,0.309777,0.55557,0.667638,0.271269,0.667638,0.707107,0.309777,0.707107,0.52456,0.271269,0.785059,0.55557,0.309777,0.83147,0.361323,0.271269,0.872311,0.382683,0.309777,0.92388,0.184201,0.271269,0.92604,0.19509,0.309777,0.980785,-3.0048e-07,0.271269,0.944182,-3.25841e-07,0.309777,1,-0.184201,0.271269,0.92604,-0.195091,0.309777,0.980785,-0.361323,0.271269,0.872311,-0.382684,0.309777,0.923879,-0.52456,0.271269,0.785059,-0.555571,0.309777,0.831469,-0.667638,0.271269,0.667637,-0.707107,0.309777,0.707106,-0.785059,0.271269,0.524559,-0.83147,0.309777,0.55557,-0.872311,0.271269,0.361322,-0.92388,0.309777,0.382683,-0.92604,0.271269,0.1842,-0.980785,0.309777,0.195089,-0.944182,0.271269,-9.3931e-07,-1,0.309777,-9.7914e-07,-0.92604,0.271269,-0.184202,-0.980785,0.309777,-0.195091,-0.87231,0.271269,-0.361324,-0.923879,0.309777,-0.382684,-0.785058,0.271269,-0.524561,-0.831469,0.309777,-0.555571,-0.667637,0.271269,-0.667639,-0.707106,0.309777,-0.707108,-0.524559,0.271269,-0.78506,-0.555569,0.309777,-0.83147,-0.361322,0.271269,-0.872311,-0.382682,0.309777,-0.92388,-0.184199,0.271269,-0.92604,-0.195089,0.309777,-0.980786,0.19509,0.684396,-0.980785,-8.94179e-10,0.684396,-1,-0.195089,0.684396,-0.980786,-0.382682,0.684396,-0.92388,-0.555569,0.684396,-0.83147,-0.707106,0.684396,-0.707108,-0.831469,0.684396,-0.555571,-0.923879,0.684396,-0.382684,-0.980785,0.684396,-0.195091,-1,0.684396,-9.95515e-07,-0.980785,0.684396,0.195089,-0.92388,0.684396,0.382683,-0.83147,0.684396,0.55557,-0.707107,0.684396,0.707106,-0.555571,0.684396,0.831469,-0.382684,0.684396,0.923879,-0.195091,0.684396,0.980785,-3.26736e-07,0.684396,1,0.19509,0.684396,0.980785,0.382683,0.684396,0.92388,0.55557,0.684396,0.83147,0.707107,0.684396,0.707107,0.83147,0.684396,0.55557,0.92388,0.684396,0.382683,0.980785,0.684396,0.19509,1,0.684396,-1.05414e-07,0.980785,0.684396,-0.19509,0.92388,0.684396,-0.382683,0.83147,0.684396,-0.55557,0.707107,0.684396,-0.707107,0.55557,0.684396,-0.83147,0.382683,0.684396,-0.92388,0.19509,0.963191,-0.980785,1.07513e-08,0.963191,-1,-0.195089,0.963191,-0.980786,-0.382682,0.963191,-0.92388,-0.555569,0.963191,-0.83147,-0.707106,0.963191,-0.707108,-0.831469,0.963191,-0.555571,-0.923879,0.963191,-0.382685,-0.980785,0.963191,-0.195091,-1,0.963191,-1.0077e-06,-0.980785,0.963191,0.195089,-0.92388,0.963191,0.382683,-0.83147,0.963191,0.55557,-0.707107,0.963191,0.707106,-0.555571,0.963191,0.831469,-0.382684,0.963191,0.923879,-0.195091,0.963191,0.980785,-3.1509e-07,0.963191,1,0.19509,0.963191,0.980785,0.382683,0.963191,0.92388,0.55557,0.963191,0.83147,0.707107,0.963191,0.707107,0.83147,0.963191,0.55557,0.92388,0.963191,0.382683,0.980785,0.963191,0.19509,1,0.963191,-1.176e-07,0.980785,0.963191,-0.19509,0.92388,0.963191,-0.382683,0.83147,0.963191,-0.55557,0.707107,0.963191,-0.707107,0.55557,0.963191,-0.83147,0.382683,0.963191,-0.92388,0.184201,1.04209,-0.92604,2.201e-08,1.04209,-0.944182,-0.184199,1.04209,-0.926041,-0.361322,1.04209,-0.872311,-0.524559,1.04209,-0.78506,-0.667637,1.04209,-0.667639,-0.785058,1.04209,-0.524561,-0.87231,1.04209,-0.361324,-0.92604,1.04209,-0.184202,-0.944182,1.04209,-9.73004e-07,-0.92604,1.04209,0.1842,-0.872311,1.04209,0.361322,-0.785059,1.04209,0.524559,-0.667638,1.04209,0.667637,-0.52456,1.04209,0.785059,-0.361323,1.04209,0.872311,-0.184201,1.04209,0.92604,-2.85644e-07,1.04209,0.944182,0.184201,1.04209,0.92604,0.361323,1.04209,0.872311,0.52456,1.04209,0.785059,0.667638,1.04209,0.667638,0.785059,1.04209,0.524559,0.872311,1.04209,0.361323,0.92604,1.04209,0.184201,0.944182,1.04209,-1.32586e-07,0.92604,1.04209,-0.184201,0.872311,1.04209,-0.361323,0.785059,1.04209,-0.52456,0.667638,1.04209,-0.667638,0.52456,1.04209,-0.785059,0.361323,1.04209,-0.872311],