	{

		"metadata": {
			"formatVersion" : 3.1,
			"generatedBy"   : "Blender 2.7 Exporter",
			"vertices"      : 64,
			"faces"         : 92,
			"normals"       : 64,
			"colors"        : 0,
			"uvs"           : [],
			"materials"     : 1,
			"morphTargets"  : 0,
			"bones"         : 0
		},

			"scale" : 1.000000,
			
			"vertices" : [-0.00135845,0.239041,0.334428,-0.00135845,0.817037,0.334428,0.0459375,0.239041,0.339086,0.0459375,0.817037,0.339086,0.0914158,0.239041,0.352882,0.0914158,0.817037,0.352882,0.133329,0.239041,0.375285,0.133329,0.817037,0.375285,0.170066,0.239041,0.405434,0.170066,0.817037,0.405434,0.200215,0.239041,0.442171,0.200215,0.817037,0.442171,0.222618,0.239041,0.484084,0.222618,0.817037,0.484084,0.236414,0.239041,0.529563,0.236414,0.817037,0.529563,0.241072,0.239041,0.576859,0.241072,0.817037,0.576859,0.236414,0.239041,0.624155,0.236414,0.817037,0.624155,0.222618,0.239041,0.669633,0.222618,0.817037,0.669633,0.200215,0.239041,0.711546,0.200215,0.817037,0.711546,0.170066,0.239041,0.748283,0.170066,0.817037,0.748283,0.133329,0.239041,0.778433,0.133329,0.817037,0.778433,0.0914158,0.239041,0.800836,0.0914158,0.817037,0.800836,0.0459374,0.239041,0.814631,0.0459374,0.817037,0.814631,-0.00135853,0.239041,0.81929,-0.00135853,0.817037,0.81929,-0.0486545,0.239041,0.814631,-0.0486545,0.817037,0.814631,-0.0941328,0.239041,0.800835,-0.0941328,0.817037,0.800835,-0.136046,0.239041,0.778432,-0.136046,0.817037,0.778432,-0.172783,0.239041,0.748283,-0.172783,0.817037,0.748283,-0.202932,0.239041,0.711546,-0.202932,0.817037,0.711546,-0.225335,0.239041,0.669633,-0.225335,0.817037,0.669633,-0.239131,0.239041,0.624154,-0.239131,0.817037,0.624154,-0.243789,0.239041,0.576858,-0.243789,0.817037,0.576858,-0.239131,0.239041,0.529563,-0.239131,0.817037,0.529563,-0.225335,0.239041,0.484084,-0.225335,0.817037,0.484084,-0.202932,0.239041,0.442171,-0.202932,0.817037,0.442171,-0.172783,0.239041,0.405434,-0.172783,0.817037,0.405434,-0.136046,0.239041,0.375285,-0.136046,0.817037,0.375285,-0.0941324,0.239041,0.352882,-0.0941324,0.817037,0.352882,-0.048654,0.239041,0.339086,-0.048654,0.817037,0.339086],
			"faces"    : [35,0,1,3,2,0,0,1,2,3,35,2,3,5,4,0,3,2,4,5,35,4,5,7,6,0,5,4,6,7,35,6,7,9,8,0,7,6,8,9,35,8,9,11,10,0,9,8,10,11,35,10,11,13,12,0,11,10,12,13,35,12,13,15,14,0,13,12,14,15,35,14,15,17,16,0,15,14,16,17,35,16,17,19,18,0,17,16,18,19,35,18,19,21,20,0,19,18,20,21,35,20,21,23,22,0,21,20,22,23,35,22,23,25,24,0,23,22,24,25,35,24,25,27,26,0,25,24,26,27,35,26,27,29,28,0,27,26,28,29,35,28,29,31,30,0,29,28,30,31,35,30,31,33,32,0,31,30,32,33,35,32,33,35,34,0,33,32,34,35,35,34,35,37,36,0,35,34,36,37,35,36,37,39,38,0,37,36,38,39,35,38,39,41,40,0,39,38,40,41,35,40,41,43,42,0,41,40,42,43,35,42,43,45,44,0,43,42,44,45,35,44,45,47,46,0,45,44,46,47,35,46,47,49,48,0,47,46,48,49,35,48,49,51,50,0,49,48,50,51,35,50,51,53,52,0,51,50,52,53,35,52,53,55,54,0,53,52,54,55,35,54,55,57,56,0,55,54,56,57,35,56,57,59,58,0,57,56,58,59,35,58,59,61,60,0,59,58,60,61,34,3,1,63,0,2,1,62,34,3,63,61,0,2,62,60,34,3,61,5,0,2,60,4,34,61,59,5,0,60,58,4,34,59,7,5,0,58,6,4,34,59,57,7,0,58,56,6,34,57,9,7,0,56,8,6,34,57,55,9,0,56,54,8,34,55,11,9,0,54,10,8,34,55,53,11,0,54,52,10,34,53,13,11,0,52,12,10,34,53,51,13,0,52,50,12,34,51,15,13,0,50,14,12,34,51,49,15,0,50,48,14,34,49,17,15,0,48,16,14,34,49,47,17,0,48,46,16,34,47,19,17,0,46,18,16,34,47,45,19,0,46,44,18,34,45,21,19,0,44,20,18,34,45,43,21,0,44,42,20,34,43,23,21,0,42,22,20,34,43,41,23,0,42,40,22,34,41,25,23,0,40,24,22,34,41,39,25,0,40,38,24,34,39,27,25,0,38,26,24,34,39,37,27,0,38,36,26,34,37,29,27,0,36,28,26,34,37,35,29,0,36,34,28,34,35,31,29,0,34,30,28,34,35,33,31,0,34,32,30,35,1,0,62,63,0,1,0,63,62,35,60,61,63,62,0,61,60,62,63,34,30,32,34,0,31,33,35,34,28,30,34,0,29,31,35,34,28,34,36,0,29,35,37,34,26,28,36,0,27,29,37,34,26,36,38,0,27,37,39,34,24,26,38,0,25,27,39,34,24,38,40,0,25,39,41,34,22,24,40,0,23,25,41,34,22,40,42,0,23,41,43,34,20,22,42,0,21,23,43,34,20,42,44,0,21,43,45,34,18,20,44,0,19,21,45,34,18,44,46,0,19,45,47,34,16,18,46,0,17,19,47,34,16,46,48,0,17,47,49,34,14,16,48,0,15,17,49,34,14,48,50,0,15,49,51,34,12,14,50,0,13,15,51,34,12,50,52,0,13,51,53,34,10,12,52,0,11,13,53,34,10,52,54,0,11,53,55,34,8,10,54,0,9,11,55,34,8,54,56,0,9,55,57,34,6,8,56,0,7,9,57,34,6,56,58,0,7,57,59,34,4,6,58,0,5,7,59,34,4,58,60,0,5,59,61,34,2,4,60,0,3,5,61,34,2,60,62,0,3,61,63,34,0,2,62,0,0,3,63],
			"uvs"      : [],
			"normals"  : [0,-0.68569,-0.727866,0,0.68569,-0.727866,0.142003,0.68569,-0.713889,0.142003,-0.68569,-0.713889,0.278542,0.68569,-0.672475,0.278542,-0.68569,-0.672475,0.40437,0.68569,-0.605213,0.40437,-0.68569,-0.605213,0.514664,0.68569,-0.514664,0.514664,-0.68569,-0.514664,0.605213,0.68569,-0.40437,0.605213,-0.68569,-0.40437,0.672475,0.68569,-0.278542,0.672475,-0.68569,-0.278542,0.713889,0.68569,-0.142003,0.713889,-0.68569,-0.142003,0.727866,0.68569,0,0.727866,-0.68569,0,0.713889,0.68569,0.142003,0.713889,-0.68569,0.142003,0.672475,0.68569,0.278542,0.672475,-0.68569,0.278542,0.605213,0.68569,0.40437,0.605213,-0.68569,0.40437,0.514664,0.68569,0.514664,0.514664,-0.68569,0.514664,0.40437,0.68569,0.605213,0.40437,-0.68569,0.605213,0.278542,0.68569,0.672475,0.278542,-0.68569,0.672475,0.142003,0.68569,0.713889,0.142003,-0.68569,0.713889,0,0.68569,0.727866,0,-0.68569,0.727866,-0.142003,0.68569,0.713889,-0.142003,-0.68569,0.713889,-0.278542,0.68569,0.672475,-0.278542,-0.68569,0.672475,-0.40437,0.68569,0.605213,-0.40437,-0.68569,0.605213,-0.514664,0.68569,0.514664,-0.514664,-0.68569,0.514664,-0.605213,0.68569,0.40437,-0.605213,-0.68569,0.40437,-0.672475,0.68569,0.278542,-0.672475,-0.68569,0.278542,-0.713889,0.68569,0.142003,-0.713889,-0.68569,0.142003,-0.727866,0.68569,0,-0.727866,-0.68569,0,-0.713889,0.68569,-0.142003,-0.713889,-0.68569,-0.142003,-0.672475,0.68569,-0.278542,-0.672475,-0.68569,-0.278542,-0.605213,0.68569,-0.40437,-0.605213,-0.68569,-0.40437,-0.514664,0.68569,-0.514695,-0.514664,-0.68569,-0.514695,-0.40437,0.68569,-0.605213,-0.40437,-0.68569,-0.605213,-0.278542,0.68569,-0.672475,-0.278542,-0.68569,-0.672475,-0.142003,0.68569,-0.713889,-0.142003,-0.68569,-0.713889],
			
			"skinIndices"  : [],
			"skinWeights"  : [],
			"morphTargets" : [],
			
			"bones"      : [],
			"animations" : [],
			
			"colors"    : [],
			"materials" : [
				{
					"DbgColor": 15658734,
					"DbgIndex": 0,
					"DbgName": "default",
					"vertexColors": false
				}
			]


	}
