	{

		"metadata": {
			"formatVersion" : 3.1,
			"generatedBy"   : "Blender 2.7 Exporter",
			"vertices"      : 16,
			"faces"         : 14,
			"normals"       : 16,
			"colors"        : 0,
			"uvs"           : [],
			"materials"     : 1,
			"morphTargets"  : 0,
			"bones"         : 0
		},

			"scale" : 1.000000,
			
			"vertices" : [-1.08099,-0.133003,1.01949,-1.12037,-0.133003,-1.75593,3.27903,-0.133003,-1.79531,3.3184,-0.133003,0.980119,-1.05455,-0.0665603,0.991986,-1.09286,-0.0665604,-1.72949,3.25258,-0.0665604,-1.7678,3.29089,-0.0665603,0.953673,3.25269,-0.0254566,0.916942,3.21585,-0.0254568,-1.72959,-1.05465,-0.0254567,-1.69276,-1.01782,-0.0254566,0.953779,-1.08099,-0.279663,1.01949,-1.12037,-0.279663,-1.75593,3.27903,-0.279663,-1.79531,3.3184,-0.279663,0.980119],
			"faces"    : [35,1,0,4,5,0,0,1,2,3,35,5,6,2,1,0,3,4,5,0,35,6,7,3,2,0,4,6,7,5,35,0,3,7,4,0,1,7,6,2,35,8,9,10,11,0,8,9,10,11,35,6,9,8,7,0,4,9,8,6,35,5,10,9,6,0,3,10,9,4,35,4,11,10,5,0,2,11,10,3,35,7,8,11,4,0,6,8,11,2,35,12,13,14,15,0,12,13,14,15,35,12,0,1,13,0,12,1,0,13,35,2,14,13,1,0,5,14,13,0,35,3,15,14,2,0,7,15,14,5,35,0,12,15,3,0,1,12,15,7],
			"uvs"      : [],
			"normals"  : [-0.696219,0.233161,-0.678884,-0.679037,0.232215,0.696371,-0.551286,0.614215,0.564623,-0.563677,0.615864,-0.550371,0.551286,0.614215,-0.564623,0.679037,0.232215,-0.696371,0.563677,0.615864,0.550371,0.696219,0.233161,0.678884,0.320719,0.893185,0.315165,0.315744,0.892758,-0.321329,-0.320719,0.893185,-0.315165,-0.315744,0.892758,0.321329,-0.570482,-0.577624,0.58385,-0.584124,-0.577074,-0.570757,0.570482,-0.577624,-0.58385,0.584124,-0.577074,0.570757],
			
			"skinIndices"  : [],
			"skinWeights"  : [],
			"morphTargets" : [],
			
			"bones"      : [],
			"animations" : [],
			
			"colors"    : [],
			"materials" : [
				{
					"DbgColor": 15658734,
					"DbgIndex": 0,
					"DbgName": "Material",
					"blending": "NormalBlending",
					"colorAmbient": [0.6400000190734865, 0.6400000190734865, 0.6400000190734865],
					"colorDiffuse": [0.6400000190734865, 0.6400000190734865, 0.6400000190734865],
					"colorEmissive": [0.0, 0.0, 0.0],
					"colorSpecular": [0.5, 0.5, 0.5],
					"depthTest": true,
					"depthWrite": true,
					"mapDiffuse": "pBoardTexture.tif",
					"mapDiffuseWrap": ["repeat", "repeat"],
					"shading": "Lambert",
					"specularCoef": 50,
					"transparency": 1.0,
					"transparent": false,
					"vertexColors": false
				}
			]


	}
