	{

		"metadata": {
			"formatVersion" : 3.1,
			"generatedBy"   : "Blender 2.7 Exporter",
			"vertices"      : 24,
			"faces"         : 26,
			"normals"       : 24,
			"colors"        : 0,
			"uvs"           : [],
			"materials"     : 1,
			"morphTargets"  : 0,
			"bones"         : 0
		},

			"scale" : 1.000000,
			
			"vertices" : [-0.930186,0.363909,0.817777,-0.930186,0.363909,-0.262331,1.06981,0.363909,-0.262331,1.06981,0.363909,0.817777,-0.878273,0.569067,0.789723,-0.878273,0.569067,-0.234276,1.01783,0.569067,-0.234276,1.01783,0.569067,0.789723,0.0690849,0.363909,1.39338,0.0666378,0.569067,1.33542,0.0690947,0.569067,-0.779976,0.0691285,0.363909,-0.837932,-0.930186,0.494113,-0.262331,-0.930186,0.494114,0.817777,1.06981,0.494113,-0.262331,1.06981,0.494114,0.817777,0.0676825,0.494114,1.39338,0.0691088,0.494113,-0.837932,-0.90389,0.54355,0.803568,-0.90389,0.54355,-0.248122,1.04349,0.54355,-0.248122,1.04349,0.54355,0.803568,0.0672053,0.54355,1.36402,0.0691052,0.54355,-0.808578],
			"faces"    : [35,1,0,13,12,0,0,1,2,3,35,17,14,2,11,0,4,5,6,7,35,14,15,3,2,0,5,8,9,6,35,0,8,16,13,0,1,10,11,2,34,0,3,8,0,1,9,10,34,0,1,3,0,1,0,9,34,1,2,3,0,0,6,9,34,1,11,2,0,0,7,6,34,6,10,5,0,12,13,14,34,6,5,4,0,12,14,15,34,7,6,4,0,16,12,15,34,7,4,9,0,16,15,17,35,15,16,8,3,0,8,11,10,9,35,12,17,11,1,0,3,4,7,0,35,18,19,12,13,0,18,19,3,2,35,23,20,14,17,0,20,21,5,4,35,20,21,15,14,0,21,22,8,5,35,22,18,13,16,0,23,18,2,11,35,21,22,16,15,0,22,23,11,8,35,19,23,17,12,0,19,20,4,3,35,4,5,19,18,0,15,14,19,18,35,10,6,20,23,0,13,12,21,20,35,6,7,21,20,0,12,16,22,21,35,9,4,18,22,0,17,15,18,23,35,7,9,22,21,0,16,17,23,22,35,5,10,23,19,0,14,13,20,19],
			"uvs"      : [],
			"normals"  : [-0.686056,-0.609912,-0.396558,-0.685659,-0.610645,0.396161,-0.839686,0.247322,0.483444,-0.839351,0.248634,-0.483352,-0.000275,0.24543,-0.96939,0.839198,0.248817,-0.483535,0.685995,-0.609851,-0.396802,-0.000183,-0.610157,-0.79223,0.838862,0.250099,0.483444,0.686422,-0.609119,0.397168,0.002197,-0.610157,0.792261,-0.001465,0.24543,0.96939,0.383068,0.895321,-0.227241,-0.000214,0.893033,-0.449904,-0.383465,0.895169,-0.227119,-0.384075,0.894772,0.227577,0.382427,0.895688,0.226783,-0.003265,0.893033,0.449934,-0.679861,0.617725,0.395184,-0.679189,0.618732,-0.394757,-0.000244,0.612659,-0.790338,0.678793,0.619098,-0.394848,0.678152,0.620075,0.394421,-0.001007,0.612659,0.790338],
			
			"skinIndices"  : [],
			"skinWeights"  : [],
			"morphTargets" : [],
			
			"bones"      : [],
			"animations" : [],
			
			"colors"    : [],
			"materials" : [
				{
					"DbgColor": 15658734,
					"DbgIndex": 0,
					"DbgName": "default",
					"vertexColors": false
				}
			]


	}
