	{

		"metadata": {
			"formatVersion" : 3.1,
			"generatedBy"   : "Blender 2.7 Exporter",
			"vertices"      : 46,
			"faces"         : 65,
			"normals"       : 46,
			"colors"        : 0,
			"uvs"           : [],
			"materials"     : 1,
			"morphTargets"  : 0,
			"bones"         : 0
		},

			"scale" : 1.000000,
			
			"vertices" : [2.6442,0.00611091,-1.71759,2.64319,0.00611103,0.978071,-0.971447,0.00611103,0.971619,-0.978406,0.00611091,-1.71328,2.6442,0.0424411,-1.71758,2.64319,0.0424412,0.978072,-0.971448,0.0424412,0.971619,-0.978406,0.0424411,-1.71328,2.56957,0.00611091,-1.73961,2.6442,0.0308477,-1.71758,-0.978406,0.0308477,-1.71328,2.56957,0.0424411,-1.73961,2.56957,0.0308477,-1.73961,2.66969,0.0424411,-1.65567,2.66969,0.00611091,-1.65562,2.66969,0.0424412,0.908366,2.66969,0.00611103,0.908365,2.56839,0.0424412,1,2.56839,0.00611103,1,-0.89593,0.0424412,1,-0.897076,0.00611103,1,-1,0.00611103,0.908489,-1,0.0424412,0.908472,-1,0.00611091,-1.65104,-1,0.0424411,-1.65104,-0.906692,0.0308477,-1.73961,-0.906867,0.0424411,-1.73961,-0.906517,0.00611091,-1.73961,-0.993322,0.0424412,0.941446,-0.993322,0.00611103,0.942725,-0.936543,0.0424412,0.993895,-0.936771,0.00611103,0.993895,2.61212,0.0424412,0.993774,2.60887,0.00611103,0.993773,2.66649,0.0424412,0.945053,2.66649,0.00611103,0.944061,2.66416,0.00611091,-1.69166,2.66127,0.0424411,-1.68806,2.6116,0.00611091,-1.73587,2.61272,0.0424411,-1.73461,2.61258,0.0308477,-1.73586,-0.993661,0.00611091,-1.6893,-0.993661,0.0424411,-1.68989,-0.951124,0.0308477,-1.73223,-0.951884,0.0424411,-1.73223,-0.950364,0.00611091,-1.73223],
			"faces"    : [34,33,18,20,0,0,1,2,34,33,20,31,0,0,2,3,34,33,31,2,0,0,3,4,34,1,33,2,0,5,0,4,34,35,1,2,0,6,5,4,34,35,2,29,0,6,4,7,34,16,35,29,0,8,6,7,34,16,29,21,0,8,7,9,34,16,21,23,0,8,9,10,34,14,16,23,0,11,8,10,34,14,23,41,0,11,10,12,34,36,14,41,0,13,11,12,34,36,41,3,0,13,12,14,34,0,36,3,0,15,13,14,34,0,3,45,0,15,14,16,34,0,45,38,0,15,16,17,34,45,27,38,0,16,18,17,34,27,8,38,0,18,19,17,34,11,26,44,0,20,21,22,34,39,11,44,0,23,20,22,34,4,39,44,0,24,23,22,34,4,44,7,0,24,22,25,34,4,7,37,0,24,25,26,34,7,42,37,0,25,27,26,34,42,24,37,0,27,28,26,34,24,13,37,0,28,29,26,34,24,15,13,0,28,30,29,34,24,22,15,0,28,31,30,34,22,34,15,0,31,32,30,34,22,28,34,0,31,33,32,34,28,6,34,0,33,34,32,34,6,5,34,0,34,35,32,34,6,30,5,0,34,36,35,34,30,32,5,0,36,37,35,34,30,17,32,0,36,38,37,34,30,19,17,0,36,39,38,35,35,34,5,1,0,6,32,35,5,35,31,30,6,2,0,3,36,34,4,34,41,42,7,0,12,27,25,34,41,7,10,0,12,25,40,34,41,10,3,0,12,40,14,35,12,8,27,25,0,41,19,18,42,35,11,12,25,26,0,20,41,42,21,35,4,9,40,39,0,24,43,44,23,35,9,0,38,40,0,43,15,17,44,35,36,37,13,14,0,13,26,29,11,35,14,13,15,16,0,11,29,30,8,35,33,32,17,18,0,0,37,38,1,35,18,17,19,20,0,1,38,39,2,35,29,28,22,21,0,7,33,31,9,35,21,22,24,23,0,9,31,28,10,35,25,27,45,43,0,42,18,16,45,35,26,25,43,44,0,21,42,45,22,35,2,6,28,29,0,4,34,33,7,35,20,19,30,31,0,2,39,36,3,35,1,5,32,33,0,5,35,37,0,35,16,15,34,35,0,8,30,32,6,34,9,4,37,0,43,24,26,34,9,37,36,0,43,26,13,34,0,9,36,0,15,43,13,35,40,38,8,12,0,44,17,19,41,35,39,40,12,11,0,23,44,41,20,35,23,24,42,41,0,10,28,27,12,35,43,45,3,10,0,45,16,14,40,35,44,43,10,7,0,22,45,40,25],
			"uvs"      : [],
			"normals"  : [0.208411,-0.682241,0.700766,0.05298,-0.691488,0.72042,-0.055635,-0.68981,0.721824,-0.264595,-0.662343,0.700888,-0.508225,-0.667623,0.544023,0.489181,-0.656423,0.574267,0.71044,-0.656209,0.254219,-0.688131,-0.656758,0.30839,0.715995,-0.697348,0.031617,-0.72457,-0.685476,0.071322,-0.722007,-0.689322,-0.058931,0.727683,-0.681967,-0.073336,-0.696646,-0.665975,-0.266671,0.71276,-0.632405,-0.303262,-0.534654,-0.666341,-0.5197,0.513901,-0.656514,-0.55211,-0.276589,-0.664571,-0.694113,0.21894,-0.664998,-0.714011,-0.059664,-0.689383,-0.721915,0.031434,-0.697531,-0.715812,0.035829,0.704184,-0.709098,-0.059816,0.68804,-0.723167,-0.292337,0.654775,-0.696982,0.223365,0.683981,-0.694418,0.503616,0.670309,-0.544969,-0.540056,0.663228,-0.518113,0.661367,0.699789,-0.269875,-0.698721,0.662191,-0.270608,-0.722221,0.689108,-0.058962,0.721763,0.688253,-0.072878,0.716147,0.697195,0.031648,-0.724143,0.685934,0.07123,0.712485,0.651021,0.261727,-0.684103,0.665151,0.299234,-0.507035,0.669546,0.542741,0.491775,0.651784,0.577319,-0.262978,0.664022,0.699911,0.223945,0.667074,0.710501,0.053041,0.690359,0.721488,-0.053346,0.691214,0.720664,-0.719291,-0.009247,-0.694601,0.047151,0.012818,-0.998779,-0.082003,-0.00238,-0.996612,0.679464,0.039949,-0.732597,0.299234,0.02176,-0.953917,-0.374126,-0.00943,-0.927305],
			
			"skinIndices"  : [],
			"skinWeights"  : [],
			"morphTargets" : [],
			
			"bones"      : [],
			"animations" : [],
			
			"colors"    : [],
			"materials" : [
				{
					"DbgColor": 15658734,
					"DbgIndex": 0,
					"DbgName": "Material",
					"blending": "NormalBlending",
					"colorAmbient": [0.6400000190734865, 0.6400000190734865, 0.6400000190734865],
					"colorDiffuse": [0.6400000190734865, 0.6400000190734865, 0.6400000190734865],
					"colorEmissive": [0.0, 0.0, 0.0],
					"colorSpecular": [0.5, 0.5, 0.5],
					"depthTest": true,
					"depthWrite": true,
					"mapDiffuse": "cCardWheatTexture.tif",
					"mapDiffuseWrap": ["repeat", "repeat"],
					"shading": "Lambert",
					"specularCoef": 50,
					"transparency": 1.0,
					"transparent": false,
					"vertexColors": false
				}
			]


	}
